素材名,材料
素材:1,金属
素材:2,プラスチック
素材:3,セラミック
素材:4,ラバー
素材:5,木材
素材:6,複合材
素材:7,その他
素材:8,金属
素材:9,プラスチック
素材:10,セラミック
素材:11,ラバー
素材:12,木材
素材:13,複合材
素材:14,その他
素材:15,金属
素材:16,プラスチック
素材:17,セラミック
素材:18,ラバー
素材:19,木材
素材:20,複合材
素材:21,その他
素材:22,金属
素材:23,プラスチック
素材:24,セラミック
素材:25,ラバー
素材:26,木材
素材:27,複合材
素材:28,その他
素材:29,金属
素材:30,プラスチック
素材:31,セラミック
素材:32,ラバー
素材:33,木材
素材:34,複合材
素材:35,その他
素材:36,金属
素材:37,プラスチック
素材:38,セラミック
素材:39,ラバー
素材:40,木材
素材:41,複合材
素材:42,その他
素材:43,金属
素材:44,プラスチック
素材:45,セラミック
素材:46,ラバー
素材:47,木材
素材:48,複合材
素材:49,その他
素材:50,金属
素材:51,プラスチック
素材:52,セラミック
素材:53,ラバー
素材:54,木材
素材:55,複合材
素材:56,その他
素材:57,金属
素材:58,プラスチック
素材:59,セラミック
素材:60,ラバー
素材:61,木材
素材:62,複合材
素材:63,その他
素材:64,金属
素材:65,プラスチック
素材:66,セラミック
素材:67,ラバー
素材:68,木材
素材:69,複合材
素材:70,その他
素材:71,金属
素材:72,プラスチック
素材:73,セラミック
素材:74,ラバー
素材:75,木材
素材:76,複合材
素材:77,その他
素材:78,金属
素材:79,プラスチック
素材:80,セラミック
素材:81,ラバー
素材:82,木材
素材:83,複合材
素材:84,その他
素材:85,金属
素材:86,プラスチック
素材:87,セラミック
素材:88,ラバー
素材:89,木材
素材:90,複合材
素材:91,その他
素材:92,金属
素材:93,プラスチック
素材:94,セラミック
素材:95,ラバー
素材:96,木材
素材:97,複合材
素材:98,その他
素材:99,金属
素材:100,プラスチック
素材:101,セラミック
素材:102,ラバー
素材:103,木材
素材:104,複合材
素材:105,その他
素材:106,金属
素材:107,プラスチック
素材:108,セラミック
素材:109,ラバー
素材:110,木材
素材:111,複合材
素材:112,その他
素材:113,金属
素材:114,プラスチック
素材:115,セラミック
素材:116,ラバー
素材:117,木材
素材:118,複合材
素材:119,その他
素材:120,金属
素材:121,プラスチック
素材:122,セラミック
素材:123,ラバー
素材:124,木材
素材:125,複合材
素材:126,その他
素材:127,金属
素材:128,プラスチック
素材:129,セラミック
素材:130,ラバー
素材:131,木材
素材:132,複合材
素材:133,その他
素材:134,金属
素材:135,プラスチック
素材:136,セラミック
素材:137,ラバー
素材:138,木材
素材:139,複合材
素材:140,その他
素材:141,金属
素材:142,プラスチック
素材:143,セラミック
素材:144,ラバー
素材:145,木材
素材:146,複合材
素材:147,その他
素材:148,金属
素材:149,プラスチック
素材:150,セラミック
素材:151,ラバー
素材:152,木材
素材:153,複合材
素材:154,その他
素材:155,金属
素材:156,プラスチック
素材:157,セラミック
素材:158,ラバー
素材:159,木材
素材:160,複合材
素材:161,その他
素材:162,金属
素材:163,プラスチック
素材:164,セラミック
素材:165,ラバー
素材:166,木材
素材:167,複合材
素材:168,その他
素材:169,金属
素材:170,プラスチック
素材:171,セラミック
素材:172,ラバー
素材:173,木材
素材:174,複合材
素材:175,その他
素材:176,金属
素材:177,プラスチック
素材:178,セラミック
素材:179,ラバー
素材:180,木材
素材:181,複合材
素材:182,その他
素材:183,金属
素材:184,プラスチック
素材:185,セラミック
素材:186,ラバー
素材:187,木材
素材:188,複合材
素材:189,その他
素材:190,金属
素材:191,プラスチック
素材:192,セラミック
素材:193,ラバー
素材:194,木材
素材:195,複合材
素材:196,その他
素材:197,金属
素材:198,プラスチック
素材:199,セラミック
素材:200,ラバー
素材:201,木材
素材:202,複合材
素材:203,その他
素材:204,金属
素材:205,プラスチック
素材:206,セラミック
素材:207,ラバー
素材:208,木材
素材:209,複合材
素材:210,その他
素材:211,金属
素材:212,プラスチック
素材:213,セラミック
素材:214,ラバー
素材:215,木材
素材:216,複合材
素材:217,その他
素材:218,金属
素材:219,プラスチック
素材:220,セラミック
素材:221,ラバー
素材:222,木材
素材:223,複合材
素材:224,その他
素材:225,金属
素材:226,プラスチック
素材:227,セラミック
素材:228,ラバー
素材:229,木材
素材:230,複合材
素材:231,その他
素材:232,金属
素材:233,プラスチック
素材:234,セラミック
素材:235,ラバー
素材:236,木材
素材:237,複合材
素材:238,その他
素材:239,金属
素材:240,プラスチック
素材:241,セラミック
素材:242,ラバー
素材:243,木材
素材:244,複合材
素材:245,その他
素材:246,金属
素材:247,プラスチック
素材:248,セラミック
素材:249,ラバー
素材:250,木材
素材:251,複合材
素材:252,その他
素材:253,金属
素材:254,プラスチック
素材:255,セラミック
素材:256,ラバー
素材:257,木材
素材:258,複合材
素材:259,その他
素材:260,金属
素材:261,プラスチック
素材:262,セラミック
素材:263,ラバー
素材:264,木材
素材:265,複合材
素材:266,その他
素材:267,金属
素材:268,プラスチック
素材:269,セラミック
素材:270,ラバー
素材:271,木材
素材:272,複合材
素材:273,その他
素材:274,金属
素材:275,プラスチック
素材:276,セラミック
素材:277,ラバー
素材:278,木材
素材:279,複合材
素材:280,その他
素材:281,金属
素材:282,プラスチック
素材:283,セラミック
素材:284,ラバー
素材:285,木材
素材:286,複合材
素材:287,その他
素材:288,金属
素材:289,プラスチック
素材:290,セラミック
素材:291,ラバー
素材:292,木材
素材:293,複合材
素材:294,その他
素材:295,金属
素材:296,プラスチック
素材:297,セラミック
素材:298,ラバー
素材:299,木材
素材:300,複合材
素材:301,その他
素材:302,金属
素材:303,プラスチック
素材:304,セラミック
素材:305,ラバー
素材:306,木材
素材:307,複合材
素材:308,その他
素材:309,金属
素材:310,プラスチック
素材:311,セラミック
素材:312,ラバー
素材:313,木材
素材:314,複合材
素材:315,その他
素材:316,金属
素材:317,プラスチック
素材:318,セラミック
素材:319,ラバー
素材:320,木材
素材:321,複合材
素材:322,その他
素材:323,金属
素材:324,プラスチック
素材:325,セラミック
素材:326,ラバー
素材:327,木材
素材:328,複合材
素材:329,その他
素材:330,金属
素材:331,プラスチック
素材:332,セラミック
素材:333,ラバー
素材:334,木材
素材:335,複合材
素材:336,その他
素材:337,金属
素材:338,プラスチック
素材:339,セラミック
素材:340,ラバー
素材:341,木材
素材:342,複合材
素材:343,その他
素材:344,金属
素材:345,プラスチック
素材:346,セラミック
素材:347,ラバー
素材:348,木材
素材:349,複合材
素材:350,その他
素材:351,金属
素材:352,プラスチック
素材:353,セラミック
素材:354,ラバー